serverId,serverName,region,regionName,raceId,raceName,characterCount,sourceUrl
"1101","Siel","nae","北美东部","1","天族","12119","https://aion2.plaync.com/en-us/api/gameinfo/servers?lang=en-US&region=nae"
"1102","Nezekan","nae","北美东部","1","天族","9682","https://aion2.plaync.com/en-us/api/gameinfo/servers?lang=en-US&region=nae"
"1103","Vaizel","nae","北美东部","1","天族","0","https://aion2.plaync.com/en-us/api/gameinfo/servers?lang=en-US&region=nae"
"2101","Israphel","nae","北美东部","2","魔族","10962","https://aion2.plaync.com/en-us/api/gameinfo/servers?lang=en-US&region=nae"
"2102","Zikel","nae","北美东部","2","魔族","10316","https://aion2.plaync.com/en-us/api/gameinfo/servers?lang=en-US&region=nae"
"2103","Triniel","nae","北美东部","2","魔族","0","https://aion2.plaync.com/en-us/api/gameinfo/servers?lang=en-US&region=nae"
"1201","Siel","naw","北美西部","1","天族","9883","https://aion2.plaync.com/en-us/api/gameinfo/servers?lang=en-US&region=naw"
"1202","Nezekan","naw","北美西部","1","天族","0","https://aion2.plaync.com/en-us/api/gameinfo/servers?lang=en-US&region=naw"
"2201","Israphel","naw","北美西部","2","魔族","14095","https://aion2.plaync.com/en-us/api/gameinfo/servers?lang=en-US&region=naw"
"2202","Zikel","naw","北美西部","2","魔族","0","https://aion2.plaync.com/en-us/api/gameinfo/servers?lang=en-US&region=naw"
"1301","Siel","eu","欧洲","1","天族","6595","https://aion2.plaync.com/en-us/api/gameinfo/servers?lang=en-US&region=eu"
"1302","Nezekan","eu","欧洲","1","天族","7495","https://aion2.plaync.com/en-us/api/gameinfo/servers?lang=en-US&region=eu"
"1303","Vaizel","eu","欧洲","1","天族","1754","https://aion2.plaync.com/en-us/api/gameinfo/servers?lang=en-US&region=eu"
"1304","Kaisinel","eu","欧洲","1","天族","7793","https://aion2.plaync.com/en-us/api/gameinfo/servers?lang=en-US&region=eu"
"1305","Yustiel","eu","欧洲","1","天族","5499","https://aion2.plaync.com/en-us/api/gameinfo/servers?lang=en-US&region=eu"
"1306","Ariel","eu","欧洲","1","天族","4079","https://aion2.plaync.com/en-us/api/gameinfo/servers?lang=en-US&region=eu"
"1307","Fregion","eu","欧洲","1","天族","5621","https://aion2.plaync.com/en-us/api/gameinfo/servers?lang=en-US&region=eu"
"1308","Meslamtaeda","eu","欧洲","1","天族","0","https://aion2.plaync.com/en-us/api/gameinfo/servers?lang=en-US&region=eu"
"2301","Israphel","eu","欧洲","2","魔族","9432","https://aion2.plaync.com/en-us/api/gameinfo/servers?lang=en-US&region=eu"
"2302","Zikel","eu","欧洲","2","魔族","9494","https://aion2.plaync.com/en-us/api/gameinfo/servers?lang=en-US&region=eu"
"2303","Triniel","eu","欧洲","2","魔族","0","https://aion2.plaync.com/en-us/api/gameinfo/servers?lang=en-US&region=eu"
"2304","Lumiel","eu","欧洲","2","魔族","0","https://aion2.plaync.com/en-us/api/gameinfo/servers?lang=en-US&region=eu"
"2305","Marchutan","eu","欧洲","2","魔族","11633","https://aion2.plaync.com/en-us/api/gameinfo/servers?lang=en-US&region=eu"
"2306","Azphel","eu","欧洲","2","魔族","11033","https://aion2.plaync.com/en-us/api/gameinfo/servers?lang=en-US&region=eu"
"2307","Ereshkigal","eu","欧洲","2","魔族","7253","https://aion2.plaync.com/en-us/api/gameinfo/servers?lang=en-US&region=eu"
"2308","Beritra","eu","欧洲","2","魔族","19","https://aion2.plaync.com/en-us/api/gameinfo/servers?lang=en-US&region=eu"
"1401","Siel","la","拉丁美洲","1","天族","3244","https://aion2.plaync.com/en-us/api/gameinfo/servers?lang=en-US&region=la"
"1402","Nezekan","la","拉丁美洲","1","天族","2622","https://aion2.plaync.com/en-us/api/gameinfo/servers?lang=en-US&region=la"
"2401","Israphel","la","拉丁美洲","2","魔族","4454","https://aion2.plaync.com/en-us/api/gameinfo/servers?lang=en-US&region=la"
"2402","Zikel","la","拉丁美洲","2","魔族","3616","https://aion2.plaync.com/en-us/api/gameinfo/servers?lang=en-US&region=la"
"1501","Siel","as","亚洲","1","天族","4779","https://aion2.plaync.com/en-us/api/gameinfo/servers?lang=en-US&region=as"
"1502","Nezekan","as","亚洲","1","天族","4423","https://aion2.plaync.com/en-us/api/gameinfo/servers?lang=en-US&region=as"
"1503","Vaizel","as","亚洲","1","天族","1722","https://aion2.plaync.com/en-us/api/gameinfo/servers?lang=en-US&region=as"
"2501","Israphel","as","亚洲","2","魔族","7763","https://aion2.plaync.com/en-us/api/gameinfo/servers?lang=en-US&region=as"
"2502","Zikel","as","亚洲","2","魔族","6729","https://aion2.plaync.com/en-us/api/gameinfo/servers?lang=en-US&region=as"
"2503","Triniel","as","亚洲","2","魔族","2819","https://aion2.plaync.com/en-us/api/gameinfo/servers?lang=en-US&region=as"